{"cameraMode":{"drawMode":0,"name":"Shaded","section":"Shading Mode"},"sceneLighting":true,"audioPlay":false,"sceneViewState":{"m_AlwaysRefresh":false,"showFog":true,"showSkybox":true,"showFlares":true,"showImageEffects":true,"showParticleSystems":true,"showVisualEffectGraphs":true,"m_FxEnabled":true},"in2DMode":false,"pivot":{"x":0.6336097717285156,"y":1.07808256149292,"z":0.036070555448532107},"rotation":{"x":-0.07921499013900757,"y":-0.6868656873703003,"z":0.07573002576828003,"w":-0.7184845805168152},"size":0.9430866837501526,"orthographic":false}